Event,Sport,Slug
Basketball Men's Basketball,Basketball,basketball-men-s-basketball
Judo Men's Extra-Lightweight,Judo,judo-men-s-extra-lightweight
Football Men's Football,Football,football-men-s-football
Tug-Of-War Men's Tug-Of-War,Tug-Of-War,tug-of-war-men-s-tug-of-war
Speed Skating Women's 500 metres,Speed Skating,speed-skating-women-s-500-metres
"Speed Skating Women's 1,000 metres",Speed Skating,speed-skating-women-s-1000-metres
Cross Country Skiing Men's 10 kilometres,Cross Country Skiing,cross-country-skiing-men-s-10-kilometres
Cross Country Skiing Men's 50 kilometres,Cross Country Skiing,cross-country-skiing-men-s-50-kilometres
Cross Country Skiing Men's 10/15 kilometres Pursuit,Cross Country Skiing,cross-country-skiing-men-s-10-15-kilometres-pursuit
Cross Country Skiing Men's 4 x 10 kilometres Relay,Cross Country Skiing,cross-country-skiing-men-s-4-x-10-kilometres-relay
Cross Country Skiing Men's 30 kilometres,Cross Country Skiing,cross-country-skiing-men-s-30-kilometres
Athletics Women's 100 metres,Athletics,athletics-women-s-100-metres
Athletics Women's 4 x 100 metres Relay,Athletics,athletics-women-s-4-x-100-metres-relay
Ice Hockey Men's Ice Hockey,Ice Hockey,ice-hockey-men-s-ice-hockey
Swimming Men's 400 metres Freestyle,Swimming,swimming-men-s-400-metres-freestyle
Badminton Men's Singles,Badminton,badminton-men-s-singles
Sailing Women's Windsurfer,Sailing,sailing-women-s-windsurfer
Biathlon Women's 7.5 kilometres Sprint,Biathlon,biathlon-women-s-7-5-kilometres-sprint
Swimming Men's 200 metres Breaststroke,Swimming,swimming-men-s-200-metres-breaststroke
Swimming Men's 400 metres Breaststroke,Swimming,swimming-men-s-400-metres-breaststroke
Gymnastics Men's Individual All-Around,Gymnastics,gymnastics-men-s-individual-all-around
Gymnastics Men's Team All-Around,Gymnastics,gymnastics-men-s-team-all-around
Gymnastics Men's Floor Exercise,Gymnastics,gymnastics-men-s-floor-exercise
Gymnastics Men's Horse Vault,Gymnastics,gymnastics-men-s-horse-vault
Gymnastics Men's Parallel Bars,Gymnastics,gymnastics-men-s-parallel-bars
Gymnastics Men's Horizontal Bar,Gymnastics,gymnastics-men-s-horizontal-bar
Gymnastics Men's Rings,Gymnastics,gymnastics-men-s-rings
Gymnastics Men's Pommelled Horse,Gymnastics,gymnastics-men-s-pommelled-horse
Athletics Men's Shot Put,Athletics,athletics-men-s-shot-put
"Art Competitions Mixed Sculpturing, Unknown Event",Art Competitions,art-competitions-mixed-sculpturing-unknown-event
Alpine Skiing Men's Downhill,Alpine Skiing,alpine-skiing-men-s-downhill
Alpine Skiing Men's Super G,Alpine Skiing,alpine-skiing-men-s-super-g
Alpine Skiing Men's Giant Slalom,Alpine Skiing,alpine-skiing-men-s-giant-slalom
Alpine Skiing Men's Slalom,Alpine Skiing,alpine-skiing-men-s-slalom
Alpine Skiing Men's Combined,Alpine Skiing,alpine-skiing-men-s-combined
Handball Women's Handball,Handball,handball-women-s-handball
Weightlifting Women's Super-Heavyweight,Weightlifting,weightlifting-women-s-super-heavyweight
"Wrestling Men's Light-Heavyweight, Greco-Roman",Wrestling,wrestling-men-s-light-heavyweight-greco-roman
Speed Skating Men's 500 metres,Speed Skating,speed-skating-men-s-500-metres
"Speed Skating Men's 1,500 metres",Speed Skating,speed-skating-men-s-1500-metres
"Gymnastics Men's Team All-Around, Free System",Gymnastics,gymnastics-men-s-team-all-around-free-system
Luge Women's Singles,Luge,luge-women-s-singles
Water Polo Men's Water Polo,Water Polo,water-polo-men-s-water-polo
Sailing Mixed Three Person Keelboat,Sailing,sailing-mixed-three-person-keelboat
Hockey Women's Hockey,Hockey,hockey-women-s-hockey
Rowing Men's Lightweight Double Sculls,Rowing,rowing-men-s-lightweight-double-sculls
Athletics Men's Pole Vault,Athletics,athletics-men-s-pole-vault
Athletics Men's High Jump,Athletics,athletics-men-s-high-jump
Sailing Men's Two Person Dinghy,Sailing,sailing-men-s-two-person-dinghy
"Athletics Men's 1,500 metres",Athletics,athletics-men-s-1500-metres
Bobsleigh Men's Four,Bobsleigh,bobsleigh-men-s-four
Swimming Men's 100 metres Butterfly,Swimming,swimming-men-s-100-metres-butterfly
Swimming Men's 200 metres Butterfly,Swimming,swimming-men-s-200-metres-butterfly
Swimming Men's 4 x 100 metres Medley Relay,Swimming,swimming-men-s-4-x-100-metres-medley-relay
Football Women's Football,Football,football-women-s-football
"Fencing Men's Foil, Individual",Fencing,fencing-men-s-foil-individual
"Fencing Men's epee, Individual",Fencing,fencing-men-s-epee-individual
"Fencing Men's epee, Team",Fencing,fencing-men-s-epee-team
"Speed Skating Men's 5,000 metres",Speed Skating,speed-skating-men-s-5000-metres
"Speed Skating Men's 10,000 metres",Speed Skating,speed-skating-men-s-10000-metres
Sailing Mixed 8 metres,Sailing,sailing-mixed-8-metres
"Equestrianism Mixed Jumping, Individual",Equestrianism,equestrianism-mixed-jumping-individual
Cross Country Skiing Men's 15 kilometres,Cross Country Skiing,cross-country-skiing-men-s-15-kilometres
"Shooting Men's Small-Bore Rifle, Prone, 50 metres",Shooting,shooting-men-s-small-bore-rifle-prone-50-metres
"Shooting Men's Rapid-Fire Pistol, 25 metres",Shooting,shooting-men-s-rapid-fire-pistol-25-metres
Shooting Men's Trap,Shooting,shooting-men-s-trap
Athletics Men's 4 x 100 metres Relay,Athletics,athletics-men-s-4-x-100-metres-relay
Athletics Men's Long Jump,Athletics,athletics-men-s-long-jump
Boxing Men's Light-Welterweight,Boxing,boxing-men-s-light-welterweight
Athletics Women's Javelin Throw,Athletics,athletics-women-s-javelin-throw
"Wrestling Men's Heavyweight, Freestyle",Wrestling,wrestling-men-s-heavyweight-freestyle
Taekwondo Men's Flyweight,Taekwondo,taekwondo-men-s-flyweight
Boxing Men's Heavyweight,Boxing,boxing-men-s-heavyweight
"Athletics Men's 5,000 metres",Athletics,athletics-men-s-5000-metres
"Cycling Men's Road Race, Individual",Cycling,cycling-men-s-road-race-individual
"Cycling Men's Road Race, Team",Cycling,cycling-men-s-road-race-team
Weightlifting Men's Lightweight,Weightlifting,weightlifting-men-s-lightweight
Weightlifting Men's Middleweight,Weightlifting,weightlifting-men-s-middleweight
Rowing Men's Coxless Pairs,Rowing,rowing-men-s-coxless-pairs
Judo Men's Half-Middleweight,Judo,judo-men-s-half-middleweight
Taekwondo Women's Flyweight,Taekwondo,taekwondo-women-s-flyweight
Boxing Men's Flyweight,Boxing,boxing-men-s-flyweight
Basketball Women's Basketball,Basketball,basketball-women-s-basketball
Diving Men's Platform,Diving,diving-men-s-platform
"Canoeing Men's Canadian Doubles, 500 metres",Canoeing,canoeing-men-s-canadian-doubles-500-metres
"Canoeing Men's Canadian Doubles, 1,000 metres",Canoeing,canoeing-men-s-canadian-doubles-1000-metres
"Canoeing Men's Kayak Fours, 1,000 metres",Canoeing,canoeing-men-s-kayak-fours-1000-metres
Handball Men's Handball,Handball,handball-men-s-handball
Rowing Women's Coxless Pairs,Rowing,rowing-women-s-coxless-pairs
Boxing Men's Middleweight,Boxing,boxing-men-s-middleweight
Judo Men's Lightweight,Judo,judo-men-s-lightweight
Boxing Men's Featherweight,Boxing,boxing-men-s-featherweight
Tennis Men's Doubles,Tennis,tennis-men-s-doubles
Shooting Mixed Skeet,Shooting,shooting-mixed-skeet
"Wrestling Men's Featherweight, Freestyle",Wrestling,wrestling-men-s-featherweight-freestyle
Sailing Mixed Two Person Heavyweight Dinghy,Sailing,sailing-mixed-two-person-heavyweight-dinghy
Athletics Women's Shot Put,Athletics,athletics-women-s-shot-put
Rowing Men's Coxed Eights,Rowing,rowing-men-s-coxed-eights
Cycling Women's Sprint,Cycling,cycling-women-s-sprint
Cycling Women's 500 metres Time Trial,Cycling,cycling-women-s-500-metres-time-trial
Athletics Men's 110 metres Hurdles,Athletics,athletics-men-s-110-metres-hurdles
Shooting Mixed Trap,Shooting,shooting-mixed-trap
Athletics Women's Marathon,Athletics,athletics-women-s-marathon
Athletics Men's 100 metres,Athletics,athletics-men-s-100-metres
"Fencing Men's Foil, Team",Fencing,fencing-men-s-foil-team
"Fencing Men's Sabre, Team",Fencing,fencing-men-s-sabre-team
Swimming Men's 100 metres Freestyle,Swimming,swimming-men-s-100-metres-freestyle
Swimming Men's 4 x 200 metres Freestyle Relay,Swimming,swimming-men-s-4-x-200-metres-freestyle-relay
Boxing Men's Lightweight,Boxing,boxing-men-s-lightweight
Modern Pentathlon Men's Individual,Modern Pentathlon,modern-pentathlon-men-s-individual
Boxing Men's Welterweight,Boxing,boxing-men-s-welterweight
Rowing Men's Quadruple Sculls,Rowing,rowing-men-s-quadruple-sculls
Rowing Men's Double Sculls,Rowing,rowing-men-s-double-sculls
Rowing Men's Coxed Pairs,Rowing,rowing-men-s-coxed-pairs
Athletics Men's 400 metres Hurdles,Athletics,athletics-men-s-400-metres-hurdles
Athletics Men's 400 metres,Athletics,athletics-men-s-400-metres
Athletics Men's Hammer Throw,Athletics,athletics-men-s-hammer-throw
Weightlifting Men's Featherweight,Weightlifting,weightlifting-men-s-featherweight
Athletics Men's 800 metres,Athletics,athletics-men-s-800-metres
Hockey Men's Hockey,Hockey,hockey-men-s-hockey
Alpine Skiing Women's Slalom,Alpine Skiing,alpine-skiing-women-s-slalom
Rowing Women's Single Sculls,Rowing,rowing-women-s-single-sculls
Swimming Men's 50 metres Freestyle,Swimming,swimming-men-s-50-metres-freestyle
Weightlifting Women's Featherweight,Weightlifting,weightlifting-women-s-featherweight
Water Polo Women's Water Polo,Water Polo,water-polo-women-s-water-polo
Figure Skating Men's Singles,Figure Skating,figure-skating-men-s-singles
Weightlifting Men's Heavyweight,Weightlifting,weightlifting-men-s-heavyweight
"Equestrianism Mixed Three-Day Event, Individual",Equestrianism,equestrianism-mixed-three-day-event-individual
"Equestrianism Mixed Three-Day Event, Team",Equestrianism,equestrianism-mixed-three-day-event-team
Figure Skating Mixed Team,Figure Skating,figure-skating-mixed-team
Sailing Women's Three Person Keelboat,Sailing,sailing-women-s-three-person-keelboat
"Cycling Women's Road Race, Individual",Cycling,cycling-women-s-road-race-individual
Golf Women's Individual,Golf,golf-women-s-individual
Softball Women's Softball,Softball,softball-women-s-softball
Archery Women's Individual,Archery,archery-women-s-individual
"Wrestling Men's Heavyweight, Greco-Roman",Wrestling,wrestling-men-s-heavyweight-greco-roman
Volleyball Men's Volleyball,Volleyball,volleyball-men-s-volleyball
Taekwondo Women's Heavyweight,Taekwondo,taekwondo-women-s-heavyweight
Synchronized Swimming Women's Duet,Synchronized Swimming,synchronized-swimming-women-s-duet
Synchronized Swimming Women's Team,Synchronized Swimming,synchronized-swimming-women-s-team
Taekwondo Women's Featherweight,Taekwondo,taekwondo-women-s-featherweight
Athletics Men's Marathon,Athletics,athletics-men-s-marathon
Athletics Men's 4 x 400 metres Relay,Athletics,athletics-men-s-4-x-400-metres-relay
"Athletics Men's 10,000 metres",Athletics,athletics-men-s-10000-metres
"Athletics Women's 3,000 metres",Athletics,athletics-women-s-3000-metres
Diving Women's Platform,Diving,diving-women-s-platform
"Shooting Men's Air Rifle, 10 metres",Shooting,shooting-men-s-air-rifle-10-metres
Athletics Men's 200 metres,Athletics,athletics-men-s-200-metres
Weightlifting Men's Flyweight,Weightlifting,weightlifting-men-s-flyweight
Swimming Men's 100 metres Backstroke,Swimming,swimming-men-s-100-metres-backstroke
Weightlifting Men's Light-Heavyweight,Weightlifting,weightlifting-men-s-light-heavyweight
"Wrestling Men's Lightweight, Greco-Roman",Wrestling,wrestling-men-s-lightweight-greco-roman
"Fencing Men's Sabre, Individual",Fencing,fencing-men-s-sabre-individual
"Wrestling Men's Super-Heavyweight, Greco-Roman",Wrestling,wrestling-men-s-super-heavyweight-greco-roman
"Shooting Men's Free Pistol, 50 metres",Shooting,shooting-men-s-free-pistol-50-metres
"Shooting Men's Air Pistol, 10 metres",Shooting,shooting-men-s-air-pistol-10-metres
Rowing Men's Coxless Fours,Rowing,rowing-men-s-coxless-fours
Boxing Men's Light-Flyweight,Boxing,boxing-men-s-light-flyweight
Boxing Men's Super-Heavyweight,Boxing,boxing-men-s-super-heavyweight
"Wrestling Men's Flyweight, Greco-Roman",Wrestling,wrestling-men-s-flyweight-greco-roman
"Shooting Women's Air Rifle, 10 metres",Shooting,shooting-women-s-air-rifle-10-metres
Weightlifting Men's Middle-Heavyweight,Weightlifting,weightlifting-men-s-middle-heavyweight
Athletics Men's Javelin Throw,Athletics,athletics-men-s-javelin-throw
Volleyball Women's Volleyball,Volleyball,volleyball-women-s-volleyball
"Wrestling Men's Welterweight, Greco-Roman",Wrestling,wrestling-men-s-welterweight-greco-roman
"Wrestling Men's Middleweight, Greco-Roman",Wrestling,wrestling-men-s-middleweight-greco-roman
"Athletics Men's 3,000 metres Steeplechase",Athletics,athletics-men-s-3000-metres-steeplechase
"Wrestling Men's Middleweight, Freestyle",Wrestling,wrestling-men-s-middleweight-freestyle
Swimming Women's 100 metres Backstroke,Swimming,swimming-women-s-100-metres-backstroke
Swimming Women's 200 metres Backstroke,Swimming,swimming-women-s-200-metres-backstroke
Swimming Women's 4 x 100 metres Medley Relay,Swimming,swimming-women-s-4-x-100-metres-medley-relay
"Wrestling Men's Light-Heavyweight, Freestyle",Wrestling,wrestling-men-s-light-heavyweight-freestyle
Modern Pentathlon Men's Team,Modern Pentathlon,modern-pentathlon-men-s-team
Boxing Men's Bantamweight,Boxing,boxing-men-s-bantamweight
Athletics Women's 200 metres,Athletics,athletics-women-s-200-metres
Table Tennis Women's Singles,Table Tennis,table-tennis-women-s-singles
Table Tennis Women's Doubles,Table Tennis,table-tennis-women-s-doubles
Shooting Men's Skeet,Shooting,shooting-men-s-skeet
Swimming Women's 50 metres Freestyle,Swimming,swimming-women-s-50-metres-freestyle
"Shooting Men's Small-Bore Rifle, Three Positions, 50 metres",Shooting,shooting-men-s-small-bore-rifle-three-positions-50-metres
Athletics Men's Triple Jump,Athletics,athletics-men-s-triple-jump
Weightlifting Women's Lightweight,Weightlifting,weightlifting-women-s-lightweight
Athletics Women's Long Jump,Athletics,athletics-women-s-long-jump
"Fencing Women's epee, Individual",Fencing,fencing-women-s-epee-individual
Swimming Men's 200 metres Freestyle,Swimming,swimming-men-s-200-metres-freestyle
Swimming Men's 4 x 100 metres Freestyle Relay,Swimming,swimming-men-s-4-x-100-metres-freestyle-relay
Swimming Men's 200 metres Backstroke,Swimming,swimming-men-s-200-metres-backstroke
Swimming Men's 200 metres Individual Medley,Swimming,swimming-men-s-200-metres-individual-medley
Swimming Men's 400 metres Individual Medley,Swimming,swimming-men-s-400-metres-individual-medley
Badminton Women's Singles,Badminton,badminton-women-s-singles
Boxing Men's Light-Middleweight,Boxing,boxing-men-s-light-middleweight
Tennis Men's Singles,Tennis,tennis-men-s-singles
"Wrestling Men's Bantamweight, Freestyle",Wrestling,wrestling-men-s-bantamweight-freestyle
"Wrestling Men's Flyweight, Freestyle",Wrestling,wrestling-men-s-flyweight-freestyle
"Athletics Women's 5,000 metres",Athletics,athletics-women-s-5000-metres
Weightlifting Women's Light-Heavyweight,Weightlifting,weightlifting-women-s-light-heavyweight
Weightlifting Women's Heavyweight,Weightlifting,weightlifting-women-s-heavyweight
Athletics Men's Discus Throw,Athletics,athletics-men-s-discus-throw
Taekwondo Men's Featherweight,Taekwondo,taekwondo-men-s-featherweight
Taekwondo Men's Welterweight,Taekwondo,taekwondo-men-s-welterweight
Judo Men's Heavyweight,Judo,judo-men-s-heavyweight
Cycling Men's Sprint,Cycling,cycling-men-s-sprint
Bobsleigh Men's Two,Bobsleigh,bobsleigh-men-s-two
"Wrestling Men's Lightweight, Freestyle",Wrestling,wrestling-men-s-lightweight-freestyle
Nordic Combined Men's Team,Nordic Combined,nordic-combined-men-s-team
Nordic Combined Men's Individual,Nordic Combined,nordic-combined-men-s-individual
Baseball Men's Baseball,Baseball,baseball-men-s-baseball
Rowing Men's Coxed Fours,Rowing,rowing-men-s-coxed-fours
Cycling Men's 100 kilometres Team Time Trial,Cycling,cycling-men-s-100-kilometres-team-time-trial
Rhythmic Gymnastics Women's Group,Rhythmic Gymnastics,rhythmic-gymnastics-women-s-group
"Art Competitions Mixed Architecture, Designs For Town Planning",Art Competitions,art-competitions-mixed-architecture-designs-for-town-planning
"Art Competitions Mixed Architecture, Architectural Designs",Art Competitions,art-competitions-mixed-architecture-architectural-designs
Gymnastics Women's Individual All-Around,Gymnastics,gymnastics-women-s-individual-all-around
Gymnastics Women's Team All-Around,Gymnastics,gymnastics-women-s-team-all-around
Gymnastics Women's Floor Exercise,Gymnastics,gymnastics-women-s-floor-exercise
Gymnastics Women's Horse Vault,Gymnastics,gymnastics-women-s-horse-vault
Gymnastics Women's Uneven Bars,Gymnastics,gymnastics-women-s-uneven-bars
Gymnastics Women's Balance Beam,Gymnastics,gymnastics-women-s-balance-beam
Diving Women's Springboard,Diving,diving-women-s-springboard
Diving Women's Synchronized Springboard,Diving,diving-women-s-synchronized-springboard
"Athletics Women's 10,000 metres",Athletics,athletics-women-s-10000-metres
Sailing Mixed 7 metres,Sailing,sailing-mixed-7-metres
Judo Women's Half-Middleweight,Judo,judo-women-s-half-middleweight
Athletics Men's Decathlon,Athletics,athletics-men-s-decathlon
Biathlon Men's 10 kilometres Sprint,Biathlon,biathlon-men-s-10-kilometres-sprint
Biathlon Men's 20 kilometres,Biathlon,biathlon-men-s-20-kilometres
Biathlon Men's 4 x 7.5 kilometres Relay,Biathlon,biathlon-men-s-4-x-7-5-kilometres-relay
Freestyle Skiing Men's Moguls,Freestyle Skiing,freestyle-skiing-men-s-moguls
"Wrestling Men's Middleweight A, Greco-Roman",Wrestling,wrestling-men-s-middleweight-a-greco-roman
Athletics Women's Discus Throw,Athletics,athletics-women-s-discus-throw
Swimming Women's 4 x 100 metres Freestyle Relay,Swimming,swimming-women-s-4-x-100-metres-freestyle-relay
"Athletics Women's 1,500 metres",Athletics,athletics-women-s-1500-metres
"Shooting Women's Air Pistol, 10 metres",Shooting,shooting-women-s-air-pistol-10-metres
"Shooting Women's Sporting Pistol, 25 metres",Shooting,shooting-women-s-sporting-pistol-25-metres
"Canoeing Men's Kayak Doubles, 500 metres",Canoeing,canoeing-men-s-kayak-doubles-500-metres
"Canoeing Men's Kayak Singles, 500 metres",Canoeing,canoeing-men-s-kayak-singles-500-metres
"Canoeing Men's Kayak Singles, 1,000 metres",Canoeing,canoeing-men-s-kayak-singles-1000-metres
"Shooting Men's Running Target, 50 metres",Shooting,shooting-men-s-running-target-50-metres
Judo Women's Half-Heavyweight,Judo,judo-women-s-half-heavyweight
Athletics Women's Pole Vault,Athletics,athletics-women-s-pole-vault
Rugby Sevens Women's Rugby Sevens,Rugby Sevens,rugby-sevens-women-s-rugby-sevens
Table Tennis Men's Team,Table Tennis,table-tennis-men-s-team
Figure Skating Mixed Pairs,Figure Skating,figure-skating-mixed-pairs
Freestyle Skiing Men's Aerials,Freestyle Skiing,freestyle-skiing-men-s-aerials
Rowing Women's Coxed Eights,Rowing,rowing-women-s-coxed-eights
Athletics Women's 4 x 400 metres Relay,Athletics,athletics-women-s-4-x-400-metres-relay
Alpine Skiing Women's Giant Slalom,Alpine Skiing,alpine-skiing-women-s-giant-slalom
Alpine Skiing Women's Super G,Alpine Skiing,alpine-skiing-women-s-super-g
Cross Country Skiing Women's 5 kilometres,Cross Country Skiing,cross-country-skiing-women-s-5-kilometres
Cross Country Skiing Women's 10 kilometres,Cross Country Skiing,cross-country-skiing-women-s-10-kilometres
Cross Country Skiing Women's 20 kilometres,Cross Country Skiing,cross-country-skiing-women-s-20-kilometres
"Cycling Men's 1,000 metres Time Trial",Cycling,cycling-men-s-1000-metres-time-trial
"Cycling Men's Individual Pursuit, 4,000 metres",Cycling,cycling-men-s-individual-pursuit-4000-metres
"Wrestling Men's Welterweight, Freestyle",Wrestling,wrestling-men-s-welterweight-freestyle
"Wrestling Men's Bantamweight, Greco-Roman",Wrestling,wrestling-men-s-bantamweight-greco-roman
Rowing Women's Lightweight Double Sculls,Rowing,rowing-women-s-lightweight-double-sculls
Athletics Women's 800 metres,Athletics,athletics-women-s-800-metres
Rowing Women's Coxed Quadruple Sculls,Rowing,rowing-women-s-coxed-quadruple-sculls
Biathlon Men's 12.5 kilometres Pursuit,Biathlon,biathlon-men-s-12-5-kilometres-pursuit
Biathlon Mixed 2 x 6 kilometres and 2 x 7.5 kilometres Relay,Biathlon,biathlon-mixed-2-x-6-kilometres-and-2-x-7-5-kilometres-relay
Rhythmic Gymnastics Women's Individual,Rhythmic Gymnastics,rhythmic-gymnastics-women-s-individual
"Canoeing Men's Kayak Singles, Slalom",Canoeing,canoeing-men-s-kayak-singles-slalom
Archery Men's Individual,Archery,archery-men-s-individual
Archery Men's Team,Archery,archery-men-s-team
"Speed Skating Women's 1,500 metres",Speed Skating,speed-skating-women-s-1500-metres
Speed Skating Women's Team Pursuit (6 laps),Speed Skating,speed-skating-women-s-team-pursuit-6-laps
Cross Country Skiing Men's Sprint,Cross Country Skiing,cross-country-skiing-men-s-sprint
Athletics Women's 400 metres,Athletics,athletics-women-s-400-metres
Figure Skating Women's Singles,Figure Skating,figure-skating-women-s-singles
"Speed Skating Men's 1,000 metres",Speed Skating,speed-skating-men-s-1000-metres
Trampolining Men's Individual,Trampolining,trampolining-men-s-individual
Beach Volleyball Men's Beach Volleyball,Beach Volleyball,beach-volleyball-men-s-beach-volleyball
"Cycling Women's Mountainbike, Cross-Country",Cycling,cycling-women-s-mountainbike-cross-country
"Athletics Men's Javelin Throw, Both Hands",Athletics,athletics-men-s-javelin-throw-both-hands
Triathlon Women's Olympic Distance,Triathlon,triathlon-women-s-olympic-distance
Gymnastics Women's Team Portable Apparatus,Gymnastics,gymnastics-women-s-team-portable-apparatus
"Cycling Men's Mountainbike, Cross-Country",Cycling,cycling-men-s-mountainbike-cross-country
Athletics Women's 400 metres Hurdles,Athletics,athletics-women-s-400-metres-hurdles
Diving Men's Springboard,Diving,diving-men-s-springboard
"Wrestling Men's Featherweight, Greco-Roman",Wrestling,wrestling-men-s-featherweight-greco-roman
Table Tennis Men's Singles,Table Tennis,table-tennis-men-s-singles
Art Competitions Mixed Painting,Art Competitions,art-competitions-mixed-painting
Cross Country Skiing Women's 3 x 5 kilometres Relay,Cross Country Skiing,cross-country-skiing-women-s-3-x-5-kilometres-relay
Judo Men's Open Class,Judo,judo-men-s-open-class
Rowing Women's Quadruple Sculls,Rowing,rowing-women-s-quadruple-sculls
"Gymnastics Men's Team All-Around, Swedish System",Gymnastics,gymnastics-men-s-team-all-around-swedish-system
Nordic Combined Men's Sprint,Nordic Combined,nordic-combined-men-s-sprint
Athletics Women's Pentathlon,Athletics,athletics-women-s-pentathlon
"Art Competitions Mixed Painting, Unknown Event",Art Competitions,art-competitions-mixed-painting-unknown-event
"Cycling Men's Team Pursuit, 4,000 metres",Cycling,cycling-men-s-team-pursuit-4000-metres
Weightlifting Women's Middleweight,Weightlifting,weightlifting-women-s-middleweight
"Swimming Men's 1,500 metres Freestyle",Swimming,swimming-men-s-1500-metres-freestyle
"Wrestling Women's Light-Heavyweight, Freestyle",Wrestling,wrestling-women-s-light-heavyweight-freestyle
Swimming Women's 100 metres Freestyle,Swimming,swimming-women-s-100-metres-freestyle
"Equestrianism Men's Jumping, Individual",Equestrianism,equestrianism-men-s-jumping-individual
"Equestrianism Men's Jumping, Team",Equestrianism,equestrianism-men-s-jumping-team
"Equestrianism Men's Three-Day Event, Individual",Equestrianism,equestrianism-men-s-three-day-event-individual
"Equestrianism Men's Three-Day Event, Team",Equestrianism,equestrianism-men-s-three-day-event-team
Alpine Skiing Women's Combined,Alpine Skiing,alpine-skiing-women-s-combined
Athletics Women's High Jump,Athletics,athletics-women-s-high-jump
"Ski Jumping Men's Normal Hill, Individual",Ski Jumping,ski-jumping-men-s-normal-hill-individual
"Canoeing Women's Kayak Fours, 500 metres",Canoeing,canoeing-women-s-kayak-fours-500-metres
Ice Hockey Women's Ice Hockey,Ice Hockey,ice-hockey-women-s-ice-hockey
Sailing Men's One Person Dinghy,Sailing,sailing-men-s-one-person-dinghy
Trampolining Women's Individual,Trampolining,trampolining-women-s-individual
Curling Men's Curling,Curling,curling-men-s-curling
Art Competitions Mixed Literature,Art Competitions,art-competitions-mixed-literature
Judo Men's Middleweight,Judo,judo-men-s-middleweight
Biathlon Women's 15 kilometres,Biathlon,biathlon-women-s-15-kilometres
Biathlon Women's 3 x 7.5 kilometres Relay,Biathlon,biathlon-women-s-3-x-7-5-kilometres-relay
Biathlon Women's 4 x 7.5 kilometres Relay,Biathlon,biathlon-women-s-4-x-7-5-kilometres-relay
Judo Men's Half-Lightweight,Judo,judo-men-s-half-lightweight
"Fencing Women's Foil, Team",Fencing,fencing-women-s-foil-team
Swimming Women's 200 metres Butterfly,Swimming,swimming-women-s-200-metres-butterfly
Swimming Women's 400 metres Individual Medley,Swimming,swimming-women-s-400-metres-individual-medley
Golf Men's Individual,Golf,golf-men-s-individual
Athletics Men's Standing High Jump,Athletics,athletics-men-s-standing-high-jump
Athletics Men's Standing Long Jump,Athletics,athletics-men-s-standing-long-jump
Athletics Men's 20 kilometres Walk,Athletics,athletics-men-s-20-kilometres-walk
Swimming Men's 220 yard Freestyle,Swimming,swimming-men-s-220-yard-freestyle
Swimming Men's 880 yard Freestyle,Swimming,swimming-men-s-880-yard-freestyle
Swimming Men's One Mile Freestyle,Swimming,swimming-men-s-one-mile-freestyle
Swimming Men's 4 x 50 Yard Freestyle Relay,Swimming,swimming-men-s-4-x-50-yard-freestyle-relay
Swimming Men's Plunge For Distance,Swimming,swimming-men-s-plunge-for-distance
"Shooting Men's Free Rifle, Three Positions, 300 metres",Shooting,shooting-men-s-free-rifle-three-positions-300-metres
"Shooting Men's Military Rifle, Three Positions, 300 metres",Shooting,shooting-men-s-military-rifle-three-positions-300-metres
"Shooting Men's Military Rifle, Any Position, 600 metres",Shooting,shooting-men-s-military-rifle-any-position-600-metres
"Shooting Men's Military Rifle, 200, 400, 500 and 600 metres, Team",Shooting,shooting-men-s-military-rifle-200-400-500-and-600-metres-team
"Shooting Men's Military Rifle, Prone, 300 metres",Shooting,shooting-men-s-military-rifle-prone-300-metres
Judo Men's Half-Heavyweight,Judo,judo-men-s-half-heavyweight
Archery Women's Team,Archery,archery-women-s-team
Athletics Men's 50 kilometres Walk,Athletics,athletics-men-s-50-kilometres-walk
Rowing Women's Double Sculls,Rowing,rowing-women-s-double-sculls
Sailing Mixed 6 metres,Sailing,sailing-mixed-6-metres
Boxing Men's Light-Heavyweight,Boxing,boxing-men-s-light-heavyweight
Boxing Women's Flyweight,Boxing,boxing-women-s-flyweight
Athletics Women's 100 metres Hurdles,Athletics,athletics-women-s-100-metres-hurdles
"Athletics Men's Discus Throw, Greek Style",Athletics,athletics-men-s-discus-throw-greek-style
Curling Women's Curling,Curling,curling-women-s-curling
Sailing Mixed One Person Dinghy,Sailing,sailing-mixed-one-person-dinghy
"Wrestling Women's Heavyweight, Freestyle",Wrestling,wrestling-women-s-heavyweight-freestyle
Badminton Mixed Doubles,Badminton,badminton-mixed-doubles
"Fencing Women's Foil, Individual",Fencing,fencing-women-s-foil-individual
Sailing Mixed Two Person Keelboat,Sailing,sailing-mixed-two-person-keelboat
"Shooting Men's Military Rifle, 300 metres and 600 metres, Prone, Team",Shooting,shooting-men-s-military-rifle-300-metres-and-600-metres-prone-team
Table Tennis Men's Doubles,Table Tennis,table-tennis-men-s-doubles
"Wrestling Men's Light-Flyweight, Freestyle",Wrestling,wrestling-men-s-light-flyweight-freestyle
"Wrestling Women's Featherweight, Freestyle",Wrestling,wrestling-women-s-featherweight-freestyle
Swimming Women's 200 metres Freestyle,Swimming,swimming-women-s-200-metres-freestyle
Swimming Women's 400 metres Freestyle,Swimming,swimming-women-s-400-metres-freestyle
Swimming Women's 200 metres Individual Medley,Swimming,swimming-women-s-200-metres-individual-medley
Sailing Men's Windsurfer,Sailing,sailing-men-s-windsurfer
Freestyle Skiing Men's Slopestyle,Freestyle Skiing,freestyle-skiing-men-s-slopestyle
"Shooting Men's Running Target, Single Shot",Shooting,shooting-men-s-running-target-single-shot
"Shooting Men's Running Target, Double Shot",Shooting,shooting-men-s-running-target-double-shot
Rugby Sevens Men's Rugby Sevens,Rugby Sevens,rugby-sevens-men-s-rugby-sevens
"Wrestling Women's Lightweight, Freestyle",Wrestling,wrestling-women-s-lightweight-freestyle
Modern Pentathlon Women's Individual,Modern Pentathlon,modern-pentathlon-women-s-individual
"Canoeing Men's Canadian Doubles, Slalom",Canoeing,canoeing-men-s-canadian-doubles-slalom
Judo Women's Half-Lightweight,Judo,judo-women-s-half-lightweight
Diving Women's Plain High,Diving,diving-women-s-plain-high
"Equestrianism Men's Dressage, Individual",Equestrianism,equestrianism-men-s-dressage-individual
"Equestrianism Men's Dressage, Team",Equestrianism,equestrianism-men-s-dressage-team
"Tennis Women's Singles, Covered Courts",Tennis,tennis-women-s-singles-covered-courts
Diving Men's Plain High,Diving,diving-men-s-plain-high
"Shooting Mixed Small-Bore Rifle, Three Positions, 50 metres",Shooting,shooting-mixed-small-bore-rifle-three-positions-50-metres
"Shooting Mixed Small-Bore Rifle, Prone, 50 metres",Shooting,shooting-mixed-small-bore-rifle-prone-50-metres
Swimming Women's 800 metres Freestyle,Swimming,swimming-women-s-800-metres-freestyle
Sailing Women's Two Person Dinghy,Sailing,sailing-women-s-two-person-dinghy
Alpine Skiing Women's Downhill,Alpine Skiing,alpine-skiing-women-s-downhill
"Shooting Men's Free Pistol, 50 metres, Team",Shooting,shooting-men-s-free-pistol-50-metres-team
"Shooting Men's Free Rifle, Three Positions, 300 metres, Team",Shooting,shooting-men-s-free-rifle-three-positions-300-metres-team
"Shooting Men's Military Rifle, Prone, 300 metres, Team",Shooting,shooting-men-s-military-rifle-prone-300-metres-team
"Shooting Men's Military Rifle, Prone, 600 metres, Team",Shooting,shooting-men-s-military-rifle-prone-600-metres-team
"Shooting Men's Military Rifle, Standing, 300 metres, Team",Shooting,shooting-men-s-military-rifle-standing-300-metres-team
"Shooting Men's Free Rifle, Prone, 600 metres",Shooting,shooting-men-s-free-rifle-prone-600-metres
"Shooting Men's Free Rifle, 400, 600 and 800 metres, Team",Shooting,shooting-men-s-free-rifle-400-600-and-800-metres-team
Rowing Men's Single Sculls,Rowing,rowing-men-s-single-sculls
"Cycling Men's Tandem Sprint, 2,000 metres",Cycling,cycling-men-s-tandem-sprint-2000-metres
Freestyle Skiing Women's Halfpipe,Freestyle Skiing,freestyle-skiing-women-s-halfpipe
Athletics Women's Heptathlon,Athletics,athletics-women-s-heptathlon
Cycling Men's Points Race,Cycling,cycling-men-s-points-race
Synchronized Swimming Women's Solo,Synchronized Swimming,synchronized-swimming-women-s-solo
"Equestrianism Mixed Dressage, Individual",Equestrianism,equestrianism-mixed-dressage-individual
"Equestrianism Mixed Dressage, Team",Equestrianism,equestrianism-mixed-dressage-team
Cross Country Skiing Men's 18 kilometres,Cross Country Skiing,cross-country-skiing-men-s-18-kilometres
Swimming Men's 100 metres Breaststroke,Swimming,swimming-men-s-100-metres-breaststroke
Figure Skating Mixed Ice Dancing,Figure Skating,figure-skating-mixed-ice-dancing
"Shooting Mixed Free Pistol, 50 metres",Shooting,shooting-mixed-free-pistol-50-metres
Sailing Women's Skiff,Sailing,sailing-women-s-skiff
"Canoeing Men's Kayak Doubles, 10,000 metres",Canoeing,canoeing-men-s-kayak-doubles-10000-metres
Triathlon Men's Olympic Distance,Triathlon,triathlon-men-s-olympic-distance
Sailing Women's One Person Dinghy,Sailing,sailing-women-s-one-person-dinghy
Cross Country Skiing Women's 30 kilometres,Cross Country Skiing,cross-country-skiing-women-s-30-kilometres
Cross Country Skiing Women's 15 km Skiathlon,Cross Country Skiing,cross-country-skiing-women-s-15-km-skiathlon
Rowing Men's 17-Man Naval Rowing Boats,Rowing,rowing-men-s-17-man-naval-rowing-boats
Beach Volleyball Women's Beach Volleyball,Beach Volleyball,beach-volleyball-women-s-beach-volleyball
Weightlifting Men's Super-Heavyweight,Weightlifting,weightlifting-men-s-super-heavyweight
Rowing Men's Lightweight Coxless Fours,Rowing,rowing-men-s-lightweight-coxless-fours
"Wrestling Men's Light-Flyweight, Greco-Roman",Wrestling,wrestling-men-s-light-flyweight-greco-roman
"Canoeing Men's Canadian Singles, 1,000 metres",Canoeing,canoeing-men-s-canadian-singles-1000-metres
Sailing Mixed 5.5 metres,Sailing,sailing-mixed-5-5-metres
"Equestrianism Mixed Jumping, Team",Equestrianism,equestrianism-mixed-jumping-team
Diving Men's Synchronized Platform,Diving,diving-men-s-synchronized-platform
Snowboarding Men's Halfpipe,Snowboarding,snowboarding-men-s-halfpipe
"Canoeing Women's Kayak Singles, Slalom",Canoeing,canoeing-women-s-kayak-singles-slalom
Weightlifting Women's Flyweight,Weightlifting,weightlifting-women-s-flyweight
Swimming Women's 100 metres Breaststroke,Swimming,swimming-women-s-100-metres-breaststroke
Swimming Women's 200 metres Breaststroke,Swimming,swimming-women-s-200-metres-breaststroke
"Wrestling Men's Middleweight B, Greco-Roman",Wrestling,wrestling-men-s-middleweight-b-greco-roman
Athletics Men's Stone Throw,Athletics,athletics-men-s-stone-throw
"Athletics Men's Javelin Throw, Freestyle",Athletics,athletics-men-s-javelin-throw-freestyle
Athletics Men's Pentathlon (Ancient),Athletics,athletics-men-s-pentathlon-ancient
"Shooting Women's Small-Bore Rifle, Three Positions, 50 metres",Shooting,shooting-women-s-small-bore-rifle-three-positions-50-metres
Swimming Women's 100 metres Butterfly,Swimming,swimming-women-s-100-metres-butterfly
Weightlifting Men's Heavyweight I,Weightlifting,weightlifting-men-s-heavyweight-i
"Athletics Women's 3,000 metres Steeplechase",Athletics,athletics-women-s-3000-metres-steeplechase
"Athletics Men's Shot Put, Both Hands",Athletics,athletics-men-s-shot-put-both-hands
"Ski Jumping Men's Large Hill, Individual",Ski Jumping,ski-jumping-men-s-large-hill-individual
"Ski Jumping Men's Large Hill, Team",Ski Jumping,ski-jumping-men-s-large-hill-team
Shooting Women's Trap,Shooting,shooting-women-s-trap
Badminton Men's Doubles,Badminton,badminton-men-s-doubles
Swimming Women's 4 x 200 metres Freestyle Relay,Swimming,swimming-women-s-4-x-200-metres-freestyle-relay
Athletics Men's 10 kilometres Walk,Athletics,athletics-men-s-10-kilometres-walk
Athletics Women's 20 kilometres Walk,Athletics,athletics-women-s-20-kilometres-walk
Athletics Women's 80 metres Hurdles,Athletics,athletics-women-s-80-metres-hurdles
Sailing Men's One Person Heavyweight Dinghy,Sailing,sailing-men-s-one-person-heavyweight-dinghy
Freestyle Skiing Women's Aerials,Freestyle Skiing,freestyle-skiing-women-s-aerials
"Art Competitions Mixed Painting, Paintings",Art Competitions,art-competitions-mixed-painting-paintings
"Tennis Mixed Doubles, Covered Courts",Tennis,tennis-mixed-doubles-covered-courts
Cycling Men's Madison,Cycling,cycling-men-s-madison
"Art Competitions Mixed Sculpturing, Statues",Art Competitions,art-competitions-mixed-sculpturing-statues
Rugby Men's Rugby,Rugby,rugby-men-s-rugby
Weightlifting Men's Heavyweight II,Weightlifting,weightlifting-men-s-heavyweight-ii
"Canoeing Women's Kayak Doubles, 500 metres",Canoeing,canoeing-women-s-kayak-doubles-500-metres
"Short Track Speed Skating Men's 5,000 metres Relay",Short Track Speed Skating,short-track-speed-skating-men-s-5000-metres-relay
Cycling Men's Individual Time Trial,Cycling,cycling-men-s-individual-time-trial
Judo Women's Heavyweight,Judo,judo-women-s-heavyweight
"Canoeing Men's Kayak Doubles, 1,000 metres",Canoeing,canoeing-men-s-kayak-doubles-1000-metres
"Gymnastics Men's Individual All-Around, 5 Events",Gymnastics,gymnastics-men-s-individual-all-around-5-events
"Wrestling Men's Super-Heavyweight, Freestyle",Wrestling,wrestling-men-s-super-heavyweight-freestyle
Biathlon Women's 10 kilometres Pursuit,Biathlon,biathlon-women-s-10-kilometres-pursuit
Biathlon Women's 12.5 kilometres Mass Start,Biathlon,biathlon-women-s-12-5-kilometres-mass-start
Biathlon Women's 4 x 6 kilometres Relay,Biathlon,biathlon-women-s-4-x-6-kilometres-relay
"Fencing Women's Sabre, Team",Fencing,fencing-women-s-sabre-team
Shooting Men's Double Trap,Shooting,shooting-men-s-double-trap
Weightlifting Men's Bantamweight,Weightlifting,weightlifting-men-s-bantamweight
Taekwondo Men's Heavyweight,Taekwondo,taekwondo-men-s-heavyweight
Sailing Mixed Windsurfer,Sailing,sailing-mixed-windsurfer
Taekwondo Women's Welterweight,Taekwondo,taekwondo-women-s-welterweight
"Shooting Mixed Free Rifle, Three Positions, 300 metres",Shooting,shooting-mixed-free-rifle-three-positions-300-metres
Skeleton Men's Skeleton,Skeleton,skeleton-men-s-skeleton
Cycling Men's 50 kilometres,Cycling,cycling-men-s-50-kilometres
"Shooting Mixed Rapid-Fire Pistol, 25 metres",Shooting,shooting-mixed-rapid-fire-pistol-25-metres
Cycling Men's 333 metres Time Trial,Cycling,cycling-men-s-333-metres-time-trial
Cycling Men's 20 kilometres,Cycling,cycling-men-s-20-kilometres
"Canoeing Men's Kayak Singles, 10,000 metres",Canoeing,canoeing-men-s-kayak-singles-10000-metres
Sailing Mixed Open,Sailing,sailing-mixed-open
Sailing Mixed 1-2 Ton,Sailing,sailing-mixed-1-2-ton
"Canoeing Men's Canadian Singles, Slalom",Canoeing,canoeing-men-s-canadian-singles-slalom
Luge Men's Singles,Luge,luge-men-s-singles
Luge Mixed (Men)'s Doubles,Luge,luge-mixed-men-s-doubles
Sailing Mixed Multihull,Sailing,sailing-mixed-multihull
Badminton Women's Doubles,Badminton,badminton-women-s-doubles
"Speed Skating Women's 3,000 metres",Speed Skating,speed-skating-women-s-3000-metres
Cross Country Skiing Women's 5/10 kilometres Pursuit,Cross Country Skiing,cross-country-skiing-women-s-5-10-kilometres-pursuit
Cross Country Skiing Women's 4 x 5 kilometres Relay,Cross Country Skiing,cross-country-skiing-women-s-4-x-5-kilometres-relay
Cross Country Skiing Women's 15 kilometres,Cross Country Skiing,cross-country-skiing-women-s-15-kilometres
Cross Country Skiing Women's 5/5 kilometres Pursuit,Cross Country Skiing,cross-country-skiing-women-s-5-5-kilometres-pursuit
Diving Women's Synchronized Platform,Diving,diving-women-s-synchronized-platform
Athletics Women's Triple Jump,Athletics,athletics-women-s-triple-jump
Skeleton Women's Skeleton,Skeleton,skeleton-women-s-skeleton
Bobsleigh Men's Four/Five,Bobsleigh,bobsleigh-men-s-four-five
"Art Competitions Mixed Painting, Drawings And Water Colors",Art Competitions,art-competitions-mixed-painting-drawings-and-water-colors
"Shooting Men's Dueling Pistol, 30 metres",Shooting,shooting-men-s-dueling-pistol-30-metres
Boxing Women's Lightweight,Boxing,boxing-women-s-lightweight
Cycling Women's BMX,Cycling,cycling-women-s-bmx
"Canoeing Men's Kayak Doubles, 200 metres",Canoeing,canoeing-men-s-kayak-doubles-200-metres
"Fencing Men's Sabre, Masters, Individual",Fencing,fencing-men-s-sabre-masters-individual
Lacrosse Men's Lacrosse,Lacrosse,lacrosse-men-s-lacrosse
"Canoeing Women's Kayak Singles, 500 metres",Canoeing,canoeing-women-s-kayak-singles-500-metres
Athletics Women's 10 kilometres Walk,Athletics,athletics-women-s-10-kilometres-walk
Sailing Mixed 12 metres,Sailing,sailing-mixed-12-metres
Judo Women's Extra-Lightweight,Judo,judo-women-s-extra-lightweight
Diving Men's Synchronized Springboard,Diving,diving-men-s-synchronized-springboard
"Rowing Men's Coxed Fours, Outriggers",Rowing,rowing-men-s-coxed-fours-outriggers
Gymnastics Men's Rope Climbing,Gymnastics,gymnastics-men-s-rope-climbing
Sailing Mixed Two Person Dinghy,Sailing,sailing-mixed-two-person-dinghy
"Art Competitions Mixed Architecture, Unknown Event",Art Competitions,art-competitions-mixed-architecture-unknown-event
"Archery Men's Target Archery, 28 metres, Team",Archery,archery-men-s-target-archery-28-metres-team
"Archery Men's Target Archery, 33 metres, Team",Archery,archery-men-s-target-archery-33-metres-team
"Archery Men's Target Archery, 50 metres, Team",Archery,archery-men-s-target-archery-50-metres-team
"Short Track Speed Skating Women's 3,000 metres Relay",Short Track Speed Skating,short-track-speed-skating-women-s-3000-metres-relay
Freestyle Skiing Women's Moguls,Freestyle Skiing,freestyle-skiing-women-s-moguls
Short Track Speed Skating Men's 500 metres,Short Track Speed Skating,short-track-speed-skating-men-s-500-metres
"Shooting Men's Running Target, 10 metres",Shooting,shooting-men-s-running-target-10-metres
Polo Men's Polo,Polo,polo-men-s-polo
"Rowing Men's Coxed Fours, Inriggers",Rowing,rowing-men-s-coxed-fours-inriggers
Cycling Men's BMX,Cycling,cycling-men-s-bmx
Art Competitions Mixed Sculpturing,Art Competitions,art-competitions-mixed-sculpturing
"Athletics Men's Cross-Country, Individual",Athletics,athletics-men-s-cross-country-individual
"Athletics Men's Cross-Country, Team",Athletics,athletics-men-s-cross-country-team
Sailing Mixed 40 metres,Sailing,sailing-mixed-40-metres
Cross Country Skiing Men's 10/10 kilometres Pursuit,Cross Country Skiing,cross-country-skiing-men-s-10-10-kilometres-pursuit
"Ski Jumping Women's Normal Hill, Individual",Ski Jumping,ski-jumping-women-s-normal-hill-individual
"Short Track Speed Skating Men's 1,000 metres",Short Track Speed Skating,short-track-speed-skating-men-s-1000-metres
"Short Track Speed Skating Men's 1,500 metres",Short Track Speed Skating,short-track-speed-skating-men-s-1500-metres
Gymnastics Men's Club Swinging,Gymnastics,gymnastics-men-s-club-swinging
Tennis Women's Singles,Tennis,tennis-women-s-singles
Tennis Mixed Doubles,Tennis,tennis-mixed-doubles
Tennis Women's Doubles,Tennis,tennis-women-s-doubles
Judo Women's Middleweight,Judo,judo-women-s-middleweight
Judo Women's Lightweight,Judo,judo-women-s-lightweight
Cross Country Skiing Men's Team Sprint,Cross Country Skiing,cross-country-skiing-men-s-team-sprint
Snowboarding Women's Halfpipe,Snowboarding,snowboarding-women-s-halfpipe
"Canoeing Women's Kayak Singles, 200 metres",Canoeing,canoeing-women-s-kayak-singles-200-metres
Canoeing Men's Kayak Relay 4 x 500 metres,Canoeing,canoeing-men-s-kayak-relay-4-x-500-metres
"Athletics Men's 3,000 metres, Team",Athletics,athletics-men-s-3000-metres-team
Cross Country Skiing Women's Sprint,Cross Country Skiing,cross-country-skiing-women-s-sprint
"Shooting Men's Small-Bore Rifle, Prone, 50 and 100 yards",Shooting,shooting-men-s-small-bore-rifle-prone-50-and-100-yards
"Shooting Men's Small-Bore Rifle, 50 and 100 yards, Team",Shooting,shooting-men-s-small-bore-rifle-50-and-100-yards-team
"Shooting Men's Small-Bore Rifle, Disappearing Target, 25 yards",Shooting,shooting-men-s-small-bore-rifle-disappearing-target-25-yards
"Shooting Men's Small-Bore Rifle, Moving Target, 25 yards",Shooting,shooting-men-s-small-bore-rifle-moving-target-25-yards
"Shooting Men's Military Pistol, Team",Shooting,shooting-men-s-military-pistol-team
Rowing Women's Coxed Fours,Rowing,rowing-women-s-coxed-fours
"Weightlifting Men's Unlimited, One Hand",Weightlifting,weightlifting-men-s-unlimited-one-hand
"Canoeing Men's Canadian Singles, 500 metres",Canoeing,canoeing-men-s-canadian-singles-500-metres
"Fencing Men's Foil, Masters, Individual",Fencing,fencing-men-s-foil-masters-individual
"Fencing Men's epee, Masters, Individual",Fencing,fencing-men-s-epee-masters-individual
"Gymnastics Men's Individual All-Around, Field Sports",Gymnastics,gymnastics-men-s-individual-all-around-field-sports
"Gymnastics Men's Individual All-Around, Apparatus Work",Gymnastics,gymnastics-men-s-individual-all-around-apparatus-work
"Art Competitions Mixed Music, Compositions For Solo Or Chorus",Art Competitions,art-competitions-mixed-music-compositions-for-solo-or-chorus
"Fencing Women's epee, Team",Fencing,fencing-women-s-epee-team
"Swimming Men's 4,000 metres Freestyle",Swimming,swimming-men-s-4000-metres-freestyle
Swimming Men's Underwater Swimming,Swimming,swimming-men-s-underwater-swimming
Sailing Mixed Skiff,Sailing,sailing-mixed-skiff
"Shooting Men's Military Rifle, 200/500/600/800/900/1,000 Yards, Team",Shooting,shooting-men-s-military-rifle-200-500-600-800-900-1000-yards-team
"Shooting Men's Running Target, Single And Double Shot",Shooting,shooting-men-s-running-target-single-and-double-shot
"Shooting Men's Small-Bore Rifle, Any Position, 50 metres",Shooting,shooting-men-s-small-bore-rifle-any-position-50-metres
"Shooting Men's Small-Bore Rifle, Disappearing Target, 25 metres",Shooting,shooting-men-s-small-bore-rifle-disappearing-target-25-metres
Swimming Women's 10 kilometres Open Water,Swimming,swimming-women-s-10-kilometres-open-water
Snowboarding Women's Slopestyle,Snowboarding,snowboarding-women-s-slopestyle
Snowboarding Men's Giant Slalom,Snowboarding,snowboarding-men-s-giant-slalom
Snowboarding Men's Parallel Giant Slalom,Snowboarding,snowboarding-men-s-parallel-giant-slalom
Snowboarding Men's Boardercross,Snowboarding,snowboarding-men-s-boardercross
Snowboarding Men's Parallel Slalom,Snowboarding,snowboarding-men-s-parallel-slalom
"Cycling Men's Team Pursuit, 1,980 yards",Cycling,cycling-men-s-team-pursuit-1980-yards
"Cycling Men's 5,000 metres",Cycling,cycling-men-s-5000-metres
Cycling Men's 100 kilometres,Cycling,cycling-men-s-100-kilometres
Cricket Men's Cricket,Cricket,cricket-men-s-cricket
"Canoeing Men's Canadian Singles, 10,000 metres",Canoeing,canoeing-men-s-canadian-singles-10000-metres
Cross Country Skiing Women's Team Sprint,Cross Country Skiing,cross-country-skiing-women-s-team-sprint
Boxing Women's Middleweight,Boxing,boxing-women-s-middleweight
Sailing Men's Skiff,Sailing,sailing-men-s-skiff
Athletics Men's Pentathlon,Athletics,athletics-men-s-pentathlon
"Swimming Men's 1,200 metres Freestyle",Swimming,swimming-men-s-1200-metres-freestyle
Shooting Women's Skeet,Shooting,shooting-women-s-skeet
Biathlon Men's 15 kilometres Mass Start,Biathlon,biathlon-men-s-15-kilometres-mass-start
Cross Country Skiing Men's 30 km Skiathlon,Cross Country Skiing,cross-country-skiing-men-s-30-km-skiathlon
Cycling Men's 1/4 mile,Cycling,cycling-men-s-1-4-mile
Cycling Men's 1/2 mile,Cycling,cycling-men-s-1-2-mile
Cycling Men's 5 mile,Cycling,cycling-men-s-5-mile
Cycling Men's 25 mile,Cycling,cycling-men-s-25-mile
"Shooting Men's Small-Bore Rifle, Standing, 50 metres",Shooting,shooting-men-s-small-bore-rifle-standing-50-metres
"Shooting Men's Small Bore-Rifle, Standing, 50 metres, Team",Shooting,shooting-men-s-small-bore-rifle-standing-50-metres-team
Speed Skating Men's Team Pursuit (8 laps),Speed Skating,speed-skating-men-s-team-pursuit-8-laps
"Shooting Men's Free Rifle, 1,000 Yards",Shooting,shooting-men-s-free-rifle-1000-yards
Cycling Women's Team Pursuit,Cycling,cycling-women-s-team-pursuit
"Speed Skating Women's 5,000 metres",Speed Skating,speed-skating-women-s-5000-metres
"Athletics Men's 3,000 metres Walk",Athletics,athletics-men-s-3000-metres-walk
Snowboarding Women's Boardercross,Snowboarding,snowboarding-women-s-boardercross
"Shooting Mixed Running Target, 50 metres",Shooting,shooting-mixed-running-target-50-metres
Luge Mixed Team Relay,Luge,luge-mixed-team-relay
Cycling Women's Individual Time Trial,Cycling,cycling-women-s-individual-time-trial
"Fencing Women's Sabre, Individual",Fencing,fencing-women-s-sabre-individual
"Fencing Men's Sabre, Individual, Three Hits",Fencing,fencing-men-s-sabre-individual-three-hits
Archery Women's Double National Round,Archery,archery-women-s-double-national-round
Cycling Men's Omnium,Cycling,cycling-men-s-omnium
Equestrianism Mixed Hacks And Hunter Combined,Equestrianism,equestrianism-mixed-hacks-and-hunter-combined
Sailing Mixed 10 metres,Sailing,sailing-mixed-10-metres
"Shooting Men's Trap, Team",Shooting,shooting-men-s-trap-team
"Cycling Women's Individual Pursuit, 3,000 metres",Cycling,cycling-women-s-individual-pursuit-3000-metres
Cycling Women's Points Race,Cycling,cycling-women-s-points-race
Sailing Men's Two Person Keelboat,Sailing,sailing-men-s-two-person-keelboat
Cycling Men's Keirin,Cycling,cycling-men-s-keirin
Cycling Men's Team Sprint,Cycling,cycling-men-s-team-sprint
Athletics Men's 5 mile,Athletics,athletics-men-s-5-mile
"Shooting Men's Running Target, Single Shot, Team",Shooting,shooting-men-s-running-target-single-shot-team
Bobsleigh Women's Two,Bobsleigh,bobsleigh-women-s-two
Racquets Men's Singles,Racquets,racquets-men-s-singles
Racquets Men's Doubles,Racquets,racquets-men-s-doubles
"Art Competitions Mixed Literature, Lyric Works",Art Competitions,art-competitions-mixed-literature-lyric-works
Motorboating Mixed A-Class (Open),Motorboating,motorboating-mixed-a-class-open
Archery Men's Continental Style,Archery,archery-men-s-continental-style
Military Ski Patrol Men's Military Ski Patrol,Military Ski Patrol,military-ski-patrol-men-s-military-ski-patrol
"Art Competitions Mixed Painting, Graphic Arts",Art Competitions,art-competitions-mixed-painting-graphic-arts
"Wrestling Women's Flyweight, Freestyle",Wrestling,wrestling-women-s-flyweight-freestyle
"Art Competitions Mixed Literature, Unknown Event",Art Competitions,art-competitions-mixed-literature-unknown-event
Sailing Mixed 0.5-1 Ton,Sailing,sailing-mixed-0-5-1-ton
"Art Competitions Mixed Painting, Applied Arts",Art Competitions,art-competitions-mixed-painting-applied-arts
"Croquet Mixed Singles, One Ball",Croquet,croquet-mixed-singles-one-ball
Croquet Mixed Doubles,Croquet,croquet-mixed-doubles
"Shooting Men's Running Target, Double Shot, Team",Shooting,shooting-men-s-running-target-double-shot-team
"Shooting Men's Free Pistol, 50 yards",Shooting,shooting-men-s-free-pistol-50-yards
"Shooting Men's Free Pistol, 50 yards, Team",Shooting,shooting-men-s-free-pistol-50-yards-team
"Fencing Men's epee, Masters and Amateurs, Individual",Fencing,fencing-men-s-epee-masters-and-amateurs-individual
Swimming Men's 10 kilometres Open Water,Swimming,swimming-men-s-10-kilometres-open-water
"Art Competitions Mixed Music, Compositions For Orchestra",Art Competitions,art-competitions-mixed-music-compositions-for-orchestra
Archery Men's Double York Round,Archery,archery-men-s-double-york-round
"Wrestling Women's Middleweight, Freestyle",Wrestling,wrestling-women-s-middleweight-freestyle
"Equestrianism Men's Vaulting, Individual",Equestrianism,equestrianism-men-s-vaulting-individual
Swimming Men's 4 x 250 metres Freestyle Relay,Swimming,swimming-men-s-4-x-250-metres-freestyle-relay
Freestyle Skiing Women's Slopestyle,Freestyle Skiing,freestyle-skiing-women-s-slopestyle
Table Tennis Women's Team,Table Tennis,table-tennis-women-s-team
Athletics Women's Hammer Throw,Athletics,athletics-women-s-hammer-throw
"Canoeing Men's Kayak Singles, 200 metres",Canoeing,canoeing-men-s-kayak-singles-200-metres
Short Track Speed Skating Women's 500 metres,Short Track Speed Skating,short-track-speed-skating-women-s-500-metres
Shooting Women's Double Trap,Shooting,shooting-women-s-double-trap
Rowing Men's 6-Man Naval Rowing Boats,Rowing,rowing-men-s-6-man-naval-rowing-boats
Art Competitions Mixed Music,Art Competitions,art-competitions-mixed-music
"Shooting Men's Free Rifle, Kneeling, 300 metres",Shooting,shooting-men-s-free-rifle-kneeling-300-metres
"Shooting Men's Free Rifle, Prone, 300 metres",Shooting,shooting-men-s-free-rifle-prone-300-metres
"Shooting Men's Free Rifle, Standing, 300 metres",Shooting,shooting-men-s-free-rifle-standing-300-metres
"Short Track Speed Skating Women's 1,000 metres",Short Track Speed Skating,short-track-speed-skating-women-s-1000-metres
"Athletics Men's 3,200 metres Steeplechase",Athletics,athletics-men-s-3200-metres-steeplechase
Rowing Women's Coxless Fours,Rowing,rowing-women-s-coxless-fours
Freestyle Skiing Women's Ski Cross,Freestyle Skiing,freestyle-skiing-women-s-ski-cross
Freestyle Skiing Men's Ski Cross,Freestyle Skiing,freestyle-skiing-men-s-ski-cross
"Tennis Men's Doubles, Covered Courts",Tennis,tennis-men-s-doubles-covered-courts
"Tennis Men's Singles, Covered Courts",Tennis,tennis-men-s-singles-covered-courts
Cycling Men's 25 kilometres,Cycling,cycling-men-s-25-kilometres
"Nordic Combined Men's Normal Hill / 10 km, Individual",Nordic Combined,nordic-combined-men-s-normal-hill-10-km-individual
"Nordic Combined Men's Large Hill / 10 km, Individual",Nordic Combined,nordic-combined-men-s-large-hill-10-km-individual
"Shooting Men's Military Rifle, 200 metres",Shooting,shooting-men-s-military-rifle-200-metres
"Short Track Speed Skating Women's 1,500 metres",Short Track Speed Skating,short-track-speed-skating-women-s-1500-metres
Athletics Men's Standing Triple Jump,Athletics,athletics-men-s-standing-triple-jump
Rowing Men's Coxed Pairs (1 kilometres),Rowing,rowing-men-s-coxed-pairs-1-kilometres
"Shooting Men's Military Pistol, 30 metres",Shooting,shooting-men-s-military-pistol-30-metres
Cycling Women's Keirin,Cycling,cycling-women-s-keirin
"Archery Men's Au Cordon Dore, 50 metres",Archery,archery-men-s-au-cordon-dore-50-metres
Swimming Women's 300 metres Freestyle,Swimming,swimming-women-s-300-metres-freestyle
Snowboarding Women's Giant Slalom,Snowboarding,snowboarding-women-s-giant-slalom
"Canoeing Men's Canadian Singles, 200 metres",Canoeing,canoeing-men-s-canadian-singles-200-metres
Sailing Mixed 30 metres,Sailing,sailing-mixed-30-metres
"Athletics Men's 4,000 metres Steeplechase",Athletics,athletics-men-s-4000-metres-steeplechase
"Athletics Men's 5,000 metres, Team",Athletics,athletics-men-s-5000-metres-team
Snowboarding Men's Slopestyle,Snowboarding,snowboarding-men-s-slopestyle
Rowing Men's Coxed Pairs (1 mile),Rowing,rowing-men-s-coxed-pairs-1-mile
Art Competitions Mixed Unknown Event,Art Competitions,art-competitions-mixed-unknown-event
Cycling Women's Omnium,Cycling,cycling-women-s-omnium
Freestyle Skiing Men's Halfpipe,Freestyle Skiing,freestyle-skiing-men-s-halfpipe
Swimming Men's 200 metres Obstacle Course,Swimming,swimming-men-s-200-metres-obstacle-course
Swimming Men's 200 metres Team Swimming,Swimming,swimming-men-s-200-metres-team-swimming
Sailing Mixed 12 foot,Sailing,sailing-mixed-12-foot
"Art Competitions Mixed Music, Instrumental And Chamber",Art Competitions,art-competitions-mixed-music-instrumental-and-chamber
"Art Competitions Mixed Music, Vocals",Art Competitions,art-competitions-mixed-music-vocals
"Art Competitions Mixed Literature, Dramatic Works",Art Competitions,art-competitions-mixed-literature-dramatic-works
Jeu De Paume Men's Singles,Jeu De Paume,jeu-de-paume-men-s-singles
Sailing Mixed 10-20 Ton,Sailing,sailing-mixed-10-20-ton
Cycling Men's 1/3 mile,Cycling,cycling-men-s-1-3-mile
Cycling Men's 1 mile,Cycling,cycling-men-s-1-mile
Cycling Men's 2 mile,Cycling,cycling-men-s-2-mile
"Art Competitions Mixed Sculpturing, Medals And Plaques",Art Competitions,art-competitions-mixed-sculpturing-medals-and-plaques
"Athletics Men's 1,600 metres Medley Relay",Athletics,athletics-men-s-1600-metres-medley-relay
"Croquet Mixed Singles, Two Balls",Croquet,croquet-mixed-singles-two-balls
"Canoeing Men's Folding Kayak Doubles, 10 kilometres",Canoeing,canoeing-men-s-folding-kayak-doubles-10-kilometres
Athletics Men's 60 metres,Athletics,athletics-men-s-60-metres
Snowboarding Women's Parallel Giant Slalom,Snowboarding,snowboarding-women-s-parallel-giant-slalom
Sailing Mixed 2-3 Ton,Sailing,sailing-mixed-2-3-ton
Speed Skating Men's Allround,Speed Skating,speed-skating-men-s-allround
"Shooting Men's Military Rifle, Prone, 600 metres",Shooting,shooting-men-s-military-rifle-prone-600-metres
"Canoeing Men's Canadian Doubles, 10,000 metres",Canoeing,canoeing-men-s-canadian-doubles-10000-metres
Snowboarding Women's Parallel Slalom,Snowboarding,snowboarding-women-s-parallel-slalom
"Shooting Men's Dueling Pistol, 30 metres, Team",Shooting,shooting-men-s-dueling-pistol-30-metres-team
"Gymnastics Men's Parallel Bars, Teams",Gymnastics,gymnastics-men-s-parallel-bars-teams
"Gymnastics Men's Horizontal Bar, Teams",Gymnastics,gymnastics-men-s-horizontal-bar-teams
"Shooting Men's Small-Bore Rifle, Disappearing Target, 25 metres, Team",Shooting,shooting-men-s-small-bore-rifle-disappearing-target-25-metres-team
"Art Competitions Mixed Sculpturing, Medals And Reliefs",Art Competitions,art-competitions-mixed-sculpturing-medals-and-reliefs
"Athletics Men's 1,500 metres Walk",Athletics,athletics-men-s-1500-metres-walk
"Athletics Men's 3 mile, Team",Athletics,athletics-men-s-3-mile-team
"Art Competitions Mixed Sculpturing, Medals",Art Competitions,art-competitions-mixed-sculpturing-medals
"Shooting Men's Military Rifle, Kneeling Or Standing, 300 metres",Shooting,shooting-men-s-military-rifle-kneeling-or-standing-300-metres
"Equestrianism Men's Vaulting, Team",Equestrianism,equestrianism-men-s-vaulting-team
"Shooting Men's Free Rifle, Any Position, 300 metres",Shooting,shooting-men-s-free-rifle-any-position-300-metres
"Shooting Men's Military Rifle, 1873-1874 Gras Model, Kneeling Or Standing, 200 metres",Shooting,shooting-men-s-military-rifle-1873-1874-gras-model-kneeling-or-standing-200-metres
Swimming Men's 100 Yard Backstroke,Swimming,swimming-men-s-100-yard-backstroke
Swimming Men's 440 Yard Breaststroke,Swimming,swimming-men-s-440-yard-breaststroke
"Art Competitions Mixed Literature, Epic Works",Art Competitions,art-competitions-mixed-literature-epic-works
Art Competitions Mixed Architecture,Art Competitions,art-competitions-mixed-architecture
"Athletics Men's 3,500 metres Walk",Athletics,athletics-men-s-3500-metres-walk
Roque Men's Singles,Roque,roque-men-s-singles
Gymnastics Men's Side Horse,Gymnastics,gymnastics-men-s-side-horse
Alpinism Mixed Alpinism,Alpinism,alpinism-mixed-alpinism
Archery Men's Double American Round,Archery,archery-men-s-double-american-round
Archery Men's Team Round,Archery,archery-men-s-team-round
"Archery Men's Target Archery, 33 metres, Individual",Archery,archery-men-s-target-archery-33-metres-individual
"Archery Men's Target Archery, 50 metres, Individual",Archery,archery-men-s-target-archery-50-metres-individual
"Swimming Men's 1,000 metres Freestyle",Swimming,swimming-men-s-1000-metres-freestyle
Athletics Men's 10 mile Walk,Athletics,athletics-men-s-10-mile-walk
"Athletics Men's Discus Throw, Both Hands",Athletics,athletics-men-s-discus-throw-both-hands
Golf Men's Team,Golf,golf-men-s-team
Sailing Mixed 0-0.5 Ton,Sailing,sailing-mixed-0-0-5-ton
Sailing Mixed 20+ Ton,Sailing,sailing-mixed-20-ton
Cycling Women's Team Sprint,Cycling,cycling-women-s-team-sprint
"Weightlifting Men's Unlimited, Two Hands",Weightlifting,weightlifting-men-s-unlimited-two-hands
"Shooting Men's Free Pistol, 25 metres",Shooting,shooting-men-s-free-pistol-25-metres
"Shooting Men's Military Revolver, 1873-1874 Gras Model, 20 metres",Shooting,shooting-men-s-military-revolver-1873-1874-gras-model-20-metres
"Shooting Men's Military Revolver, 20 metres",Shooting,shooting-men-s-military-revolver-20-metres
Shooting Men's Dueling Pistol Au Vise 20 metres,Shooting,shooting-men-s-dueling-pistol-au-vise-20-metres
"Shooting Men's Dueling Pistol Au Commandement, 25 metres",Shooting,shooting-men-s-dueling-pistol-au-commandement-25-metres
"Shooting Men's Small-Bore Rifle, Prone, 50 metres, Team",Shooting,shooting-men-s-small-bore-rifle-prone-50-metres-team
Sailing Mixed 6.5 metres,Sailing,sailing-mixed-6-5-metres
Athletics Men's 200 metres Hurdles,Athletics,athletics-men-s-200-metres-hurdles
Athletics Men's 56-pound Weight Throw,Athletics,athletics-men-s-56-pound-weight-throw
Equestrianism Mixed Four-In-Hand Competition,Equestrianism,equestrianism-mixed-four-in-hand-competition
"Athletics Men's 2,500 metres Steeplechase",Athletics,athletics-men-s-2500-metres-steeplechase
"Art Competitions Mixed Music, Unknown Event",Art Competitions,art-competitions-mixed-music-unknown-event
Athletics Men's All-Around Championship,Athletics,athletics-men-s-all-around-championship
"Archery Men's Pole Archery, Small Birds, Individual",Archery,archery-men-s-pole-archery-small-birds-individual
"Archery Men's Pole Archery, Large Birds, Individual",Archery,archery-men-s-pole-archery-large-birds-individual
"Archery Men's Pole Archery, Small Birds, Team",Archery,archery-men-s-pole-archery-small-birds-team
"Archery Men's Pole Archery, Large Birds, Team",Archery,archery-men-s-pole-archery-large-birds-team
"Athletics Men's 2,590 metres Steeplechase",Athletics,athletics-men-s-2590-metres-steeplechase
Archery Women's Double Columbia Round,Archery,archery-women-s-double-columbia-round
"Athletics Men's 4 mile, Team",Athletics,athletics-men-s-4-mile-team
Figure Skating Men's Special Figures,Figure Skating,figure-skating-men-s-special-figures
"Shooting Men's Military Rifle, Standing, 300 metres",Shooting,shooting-men-s-military-rifle-standing-300-metres
Swimming Men's 50 yard Freestyle,Swimming,swimming-men-s-50-yard-freestyle
Swimming Men's 100 yard Freestyle,Swimming,swimming-men-s-100-yard-freestyle
Swimming Men's 440 yard Freestyle,Swimming,swimming-men-s-440-yard-freestyle
Basque Pelota Men's Two-Man Teams With Cesta,Basque Pelota,basque-pelota-men-s-two-man-teams-with-cesta
"Shooting Men's Trap, Single Shot, 16 metres",Shooting,shooting-men-s-trap-single-shot-16-metres
"Shooting Men's Trap, Double Shot, 14 metres",Shooting,shooting-men-s-trap-double-shot-14-metres
Equestrianism Mixed Long Jump,Equestrianism,equestrianism-mixed-long-jump
"Canoeing Men's Folding Kayak Singles, 10 kilometres",Canoeing,canoeing-men-s-folding-kayak-singles-10-kilometres
"Shooting Men's Free Pistol, 30 metres",Shooting,shooting-men-s-free-pistol-30-metres
"Shooting Men's Military Pistol, 25 metres",Shooting,shooting-men-s-military-pistol-25-metres
Swimming Men's 100 metres Freestyle For Sailors,Swimming,swimming-men-s-100-metres-freestyle-for-sailors
Archery Men's Sur La Perche a La Herse,Archery,archery-men-s-sur-la-perche-a-la-herse
Sailing Mixed 3-10 Ton,Sailing,sailing-mixed-3-10-ton
"Gymnastics Men's Individual All-Around, 4 Events",Gymnastics,gymnastics-men-s-individual-all-around-4-events
"Wrestling Men's Unlimited Class, Greco-Roman",Wrestling,wrestling-men-s-unlimited-class-greco-roman
Motorboating Mixed B-Class (Under 60 Feet),Motorboating,motorboating-mixed-b-class-under-60-feet
Motorboating Mixed C-Class,Motorboating,motorboating-mixed-c-class
"Cycling Men's 10,000 metres",Cycling,cycling-men-s-10000-metres
"Art Competitions Mixed Sculpturing, Reliefs",Art Competitions,art-competitions-mixed-sculpturing-reliefs
"Shooting Men's Muzzle-Loading Pistol, 25 metres",Shooting,shooting-men-s-muzzle-loading-pistol-25-metres
Equestrianism Mixed High Jump,Equestrianism,equestrianism-mixed-high-jump
Archery Men's Sur La Perche a La Pyramide,Archery,archery-men-s-sur-la-perche-a-la-pyramide
"Fencing Men's Single Sticks, Individual",Fencing,fencing-men-s-single-sticks-individual
Gymnastics Men's Tumbling,Gymnastics,gymnastics-men-s-tumbling
Shooting Men's Unknown Event,Shooting,shooting-men-s-unknown-event
Sailing Mixed 18 foot,Sailing,sailing-mixed-18-foot
Archery Men's Unknown Event,Archery,archery-men-s-unknown-event
"Archery Men's Au Chapelet, 50 metres",Archery,archery-men-s-au-chapelet-50-metres
Archery Men's Championnat Du Monde,Archery,archery-men-s-championnat-du-monde
Archery Women's Team Round,Archery,archery-women-s-team-round
"Wrestling Men's All-Around, Greco-Roman",Wrestling,wrestling-men-s-all-around-greco-roman
Cycling Men's 12-Hours Race,Cycling,cycling-men-s-12-hours-race
Swimming Men's 500 metres Freestyle,Swimming,swimming-men-s-500-metres-freestyle
Weightlifting Men's All-Around Dumbbell Contest,Weightlifting,weightlifting-men-s-all-around-dumbbell-contest
"Archery Men's Au Chapelet, 33 metres",Archery,archery-men-s-au-chapelet-33-metres
"Archery Men's Au Cordon Dore, 33 metres",Archery,archery-men-s-au-cordon-dore-33-metres
"Archery Men's Target Archery, 28 metres, Individual",Archery,archery-men-s-target-archery-28-metres-individual
Aeronautics Mixed Aeronautics,Aeronautics,aeronautics-mixed-aeronautics
